{"cameraMode":{"drawMode":0,"name":"Shaded","section":"Shading Mode"},"sceneLighting":false,"audioPlay":false,"sceneViewState":{"showFog":true,"showMaterialUpdate":false,"showSkybox":false,"showFlares":true,"showImageEffects":true,"showParticleSystems":true},"in2DMode":false,"pivot":{"x":-0.08611583709716797,"y":6.055646896362305,"z":-1.3876101970672608},"rotation":{"x":0.08462291955947876,"y":0.28750079870224,"z":-0.02551041916012764,"w":0.9536930918693543},"size":8.46137809753418,"orthographic":true}